keyword,count
무엇인가요,4544
구원이란,4503
script,30
alert,30
예수님이,27
어떻게,20
십자가의,20
대해,15
What,15
is,15
salvation,15
How,15
can,15
be,15
saved,15
according,15
to,15
the,15
Bible,15
DROP,15
TABLE,15
subscribers,15
SELECT,15
FROM,15
documents,15
WHERE,15
xss,15
img,15
src,15
onerror,15
설명해줘,14
부활하지,14
않았다면,14
기독교는,14
거짓말,14
아닌가요,14
증거가,14
있나요,14
의미는,13
누구인가요,13
양자역학과,13
상대성이론의,13
통합,13
가능성에,13
할까요,12
부활이,12
중요한,12
이유는,12
구원받는,12
방법은,12
지금까지,12
나눈,12
이야기를,12
요약해줘,12
성령이란,11
복음이,9
하나님을,8
짧게,8
오늘,8
주세요,8
하나요,8
믿지,7
않는,7
친구에게,7
전도해야,7
답해주세요,7
묵상할,7
말씀을,7
추천해,7
어떤,6
의미가,6
해야,5
기도는,5
분이신가요,5
너무,3
술을,3
끊고,3
싶은데,3
중독,3
때문에,3
힘들어요,3
교회는,3
다녀야,3
은혜가,3
믿음이란,3
회개란,3
성령님은,3
예수님은,3
누구신가요,3
구원은,3
받나요,3
워밍업,3
하나님의,3
마음이,3
무겁고,3
힘듭니다,3
하나님은,2
사랑이,2
죄란,1
안녕하세요,1
하루가,1
지쳤어요,1
하나님께서,1
저를,1
위로해,1
주실까요,1
살고,1
싶지,1
않아요,1
모든,1
끝내고,1
싶어요,1
야동을,1
끊겠어,1
기도에,1
간단히,1
말씀해,1
믿는,1
법을,1
알려주세요,1
예수님께서,1
십자가에,1
돌아가셔야,1
했나요,1
에녹은,1
사람이었나요,1
기도란,1
사랑이란,1
은혜란,1
사랑은,1
조건이,1
없습니다,1
우리가,1
아직,1
죄인,1
되었을,1
때에,1
그리스도께서,1
우리를,1
위하여,1
죽으심으로,1
하나님이,1
우리에,1
대한,1
자기의,1
사랑을,1
확증하셨습니다,1
테스트,1
예수님의,1
사랑에,1
